{"flutter":{"platforms":{"android":{"default":{"projectId":"safespace-7d56f","appId":"1:728339376075:android:930e5d7cf2c536e0dd384e","fileOutput":"android/app/google-services.json"}},"dart":{"lib/firebase_options.dart":{"projectId":"safespace-7d56f","configurations":{"android":"1:728339376075:android:930e5d7cf2c536e0dd384e","ios":"1:728339376075:ios:d9253342a0199523dd384e","macos":"1:728339376075:ios:d9253342a0199523dd384e","web":"1:728339376075:web:ba4ee91b00b3b62edd384e","windows":"1:728339376075:web:b0a6cfa605b9f8f0dd384e"}}}}}}